{
    "player": {
        "position": [
            0,
            0
        ]
    },
    "room_id": "NORMAL",
    "camera_position": [
        1199.9999999648562,
        -4.2172487003716536e-09
    ]
}