{
    "player": {
        "position": [
            647,
            215
        ]
    },
    "room_id": "NORMAL",
    "camera_position": [
        -4.4474061104702145e-89,
        -143.99999999999997
    ]
}