{
    "player": {
        "position": [
            112,
            215
        ]
    },
    "room_id": "NORMAL",
    "camera_position": [
        2.4051570012415997e-269,
        -143.99999999999997
    ]
}